Datetime,Water Level (m)
2025-09-21 18:00:00,0.84504914
2025-09-21 19:00:00,1.4505054
2025-09-21 20:00:00,1.8553858
2025-09-21 21:00:00,1.9920089
2025-09-21 22:00:00,1.775374
2025-09-21 23:00:00,1.3468119
2025-09-22 00:00:00,0.8635776
2025-09-22 01:00:00,0.36857235
2025-09-22 02:00:00,-0.09472002
2025-09-22 03:00:00,-0.49661213
2025-09-22 04:00:00,-0.5534881
2025-09-22 05:00:00,0.04279299
2025-09-22 06:00:00,0.802018
2025-09-22 07:00:00,1.4791682
2025-09-22 08:00:00,1.9807471
2025-09-22 09:00:00,2.1851487
2025-09-22 10:00:00,1.9838187
2025-09-22 11:00:00,1.5463762
2025-09-22 12:00:00,1.0442212
2025-09-22 13:00:00,0.5320873
2025-09-22 14:00:00,0.04730525
2025-09-22 15:00:00,-0.3761428
2025-09-22 16:00:00,-0.5540682
2025-09-22 17:00:00,-0.05262637
2025-09-22 18:00:00,0.68866897
2025-09-22 19:00:00,1.3869154
2025-09-22 20:00:00,1.9537317
2025-09-22 21:00:00,2.253715
2025-09-22 22:00:00,2.1529648
2025-09-22 23:00:00,1.7445649
2025-09-23 00:00:00,1.2466798
2025-09-23 01:00:00,0.72456855
2025-09-23 02:00:00,0.21701169
2025-09-23 03:00:00,-0.23515916
2025-09-23 04:00:00,-0.536402
2025-09-23 05:00:00,-0.20433429
2025-09-23 06:00:00,0.49654981
2025-09-23 07:00:00,1.2023661
2025-09-23 08:00:00,1.7962351
2025-09-23 09:00:00,2.1617064
2025-09-23 10:00:00,2.1617079
2025-09-23 11:00:00,1.7936503
2025-09-23 12:00:00,1.313025
2025-09-23 13:00:00,0.796269
2025-09-23 14:00:00,0.2865629
2025-09-23 15:00:00,-0.1728739
2025-09-23 16:00:00,-0.5229175
2025-09-23 17:00:00,-0.31326598
2025-09-23 18:00:00,0.370449
2025-09-23 19:00:00,1.1094736
2025-09-23 20:00:00,1.7510053
2025-09-23 21:00:00,2.177556
2025-09-23 22:00:00,2.2662022
2025-09-23 23:00:00,1.9487242
2025-09-24 00:00:00,1.4792881
2025-09-24 01:00:00,0.963521
2025-09-24 02:00:00,0.44840196
2025-09-24 03:00:00,-0.029261867
2025-09-24 04:00:00,-0.42763478
2025-09-24 05:00:00,-0.44596645
2025-09-24 06:00:00,0.14202932
2025-09-24 07:00:00,0.8668015
2025-09-24 08:00:00,1.5086501
2025-09-24 09:00:00,1.9782498
2025-09-24 10:00:00,2.1548917
2025-09-24 11:00:00,1.9151596
2025-09-24 12:00:00,1.4755461
2025-09-24 13:00:00,0.9783099
2025-09-24 14:00:00,0.4719023
2025-09-24 15:00:00,-0.0052969223
2025-09-24 16:00:00,-0.41811347
2025-09-24 17:00:00,-0.5364869
2025-09-24 18:00:00,0.012669673
2025-09-24 19:00:00,0.75403905
2025-09-24 20:00:00,1.4399649
2025-09-24 21:00:00,1.9784371
2025-09-24 22:00:00,2.2464933
2025-09-24 23:00:00,2.102372
2025-09-25 00:00:00,1.6834455
2025-09-25 01:00:00,1.1909137
2025-09-25 02:00:00,0.67679304
2025-09-25 03:00:00,0.18038344
2025-09-25 04:00:00,-0.2591199
2025-09-25 05:00:00,-0.53439367
2025-09-25 06:00:00,-0.21162288
2025-09-25 07:00:00,0.45603892
2025-09-25 08:00:00,1.121832
2025-09-25 09:00:00,1.6735431
2025-09-25 10:00:00,1.9945376
2025-09-25 11:00:00,1.9510349
2025-09-25 12:00:00,1.5814868
2025-09-25 13:00:00,1.1204787
2025-09-25 14:00:00,0.6268936
2025-09-25 15:00:00,0.14726102
2025-09-25 16:00:00,-0.28212613
2025-09-25 17:00:00,-0.5723413
2025-09-25 18:00:00,-0.29240516
2025-09-25 19:00:00,0.38102078
2025-09-25 20:00:00,1.0870347
2025-09-25 21:00:00,1.7037966
2025-09-25 22:00:00,2.1104016
2025-09-25 23:00:00,2.1875267
2025-09-26 00:00:00,1.8775378
2025-09-26 01:00:00,1.4223171
2025-09-26 02:00:00,0.92503667
2025-09-26 03:00:00,0.42923522
2025-09-26 04:00:00,-0.025273718
2025-09-26 05:00:00,-0.3938483
2025-09-26 06:00:00,-0.41129708
2025-09-26 07:00:00,0.116420925
2025-09-26 08:00:00,0.77465355
2025-09-26 09:00:00,1.3593408
2025-09-26 10:00:00,1.7951319
2025-09-26 11:00:00,1.9605025
2025-09-26 12:00:00,1.7453201
2025-09-26 13:00:00,1.3371546
2025-09-26 14:00:00,0.87626874
2025-09-26 15:00:00,0.40831405
2025-09-26 16:00:00,-0.017620284
2025-09-26 17:00:00,-0.35668498
2025-09-26 18:00:00,-0.3220944
2025-09-26 19:00:00,0.23905656
2025-09-26 20:00:00,0.91084576
2025-09-26 21:00:00,1.53006
2025-09-26 22:00:00,2.0127954
2025-09-26 23:00:00,2.2483394
2025-09-27 00:00:00,2.1110618
2025-09-27 01:00:00,1.7182599
2025-09-27 02:00:00,1.252783
2025-09-27 03:00:00,0.7669339
2025-09-27 04:00:00,0.30491182
2025-09-27 05:00:00,-0.084691
2025-09-27 06:00:00,-0.3024485
2025-09-27 07:00:00,-0.02596647
2025-09-27 08:00:00,0.55237705
2025-09-27 09:00:00,1.1219956
2025-09-27 10:00:00,1.5948825
2025-09-27 11:00:00,1.878763
2025-09-27 12:00:00,1.8406602
2025-09-27 13:00:00,1.5145373
2025-09-27 14:00:00,1.086089
2025-09-27 15:00:00,0.6304542
2025-09-27 16:00:00,0.19346692
2025-09-27 17:00:00,-0.17824948
2025-09-27 18:00:00,-0.39332837
